date,open,close,high,low,volume
2013/6/28,8.678,8.831,8.951,8.678,35851
2013/7/1,8.831,9.284,9.438,8.765,38718
2013/7/2,9.131,9.418,9.678,9.131,33638
2013/7/3,9.704,9.878,10.098,9.531,71526
2013/7/4,9.791,9.798,9.898,9.684,32622
2013/7/5,9.704,9.591,9.831,9.331,22407
2013/7/8,9.331,9.111,9.464,9.098,17329
2013/7/9,9.018,8.998,9.258,8.984,12763
2013/7/10,8.998,9.498,9.518,8.984,35904
2013/7/11,9.664,9.591,9.698,9.438,40151
2013/7/12,9.558,9.258,9.664,9.258,27420
2013/7/15,9.318,9.571,9.644,9.264,43916
2013/7/16,9.544,9.578,9.624,9.444,23699
2013/7/17,9.578,9.338,9.598,9.331,24459
2013/7/18,9.398,9.424,9.538,9.138,24969
2013/7/19,9.398,9.404,9.611,9.391,24543
2013/7/22,9.358,9.998,10.184,9.338,73412
2013/7/23,10.084,10.431,10.431,9.918,122076
2013/7/24,10.397,10.331,10.584,10.171,67044
2013/7/25,10.384,9.998,10.517,9.931,24081
2013/7/26,10.011,9.904,10.051,9.684,21062
2013/7/29,9.778,9.598,9.931,9.531,17317
2013/7/30,9.471,9.571,9.791,9.471,14391
2013/7/31,9.551,9.551,9.764,9.438,15062
2013/8/1,9.564,9.731,9.991,9.564,27731
2013/8/2,9.798,9.711,9.864,9.578,17508
2013/8/5,9.711,9.784,9.964,9.711,19224
2013/8/6,9.984,9.958,10.031,9.791,27560
2013/8/7,9.964,9.844,9.998,9.811,18342
2013/8/8,9.818,9.798,9.931,9.664,19787
2013/8/9,9.844,9.931,9.984,9.684,41368
2013/8/12,9.531,9.284,9.531,8.958,76535
2013/8/13,9.191,9.224,9.378,9.138,46038
2013/8/14,9.231,9.251,9.304,9.171,24317
2013/8/15,9.238,8.838,9.238,8.818,45874
2013/8/16,8.791,8.785,8.964,8.698,38894
2013/8/19,8.725,8.944,8.978,8.631,21079
2013/8/20,8.964,8.891,8.964,8.798,16746
2013/8/21,8.798,8.851,8.918,8.731,15270
2013/8/22,8.851,8.858,8.878,8.805,20426
2013/8/23,8.884,8.898,9.058,8.771,18442
2013/8/26,8.958,8.951,8.964,8.831,25364
2013/8/27,8.958,8.998,8.998,8.878,26342
2013/8/28,8.924,9.038,9.191,8.904,32149
2013/8/29,9.031,9.604,9.724,8.951,101678
2013/8/30,9.678,9.531,9.678,9.238,52101
2013/9/2,9.578,9.311,9.584,9.251,23002
2013/9/3,9.344,9.378,9.438,9.238,18968
2013/9/4,9.404,9.318,9.438,9.284,22544
2013/9/5,9.298,9.431,9.431,9.218,22508
2013/9/6,9.451,9.558,10.091,9.431,92221
2013/9/9,9.544,9.404,9.651,9.384,32167
2013/9/10,9.698,9.431,9.698,9.391,20656
2013/9/11,9.438,9.491,9.491,9.211,27407
2013/9/12,9.458,9.511,9.884,9.398,74986
2013/9/13,9.458,9.551,9.631,9.318,24737
2013/9/16,9.524,9.691,9.764,9.524,37331
2013/9/17,9.698,9.458,9.751,9.431,20513
2013/9/18,9.458,9.511,9.531,9.371,12836
2013/9/23,9.504,9.524,9.644,9.431,29454
2013/9/24,9.558,9.598,9.698,9.484,33552
2013/9/25,9.598,9.331,9.691,9.264,27588
2013/9/26,9.318,8.838,9.318,8.685,36053
2013/9/27,8.851,8.991,9.011,8.818,17450
2013/9/30,9.064,8.938,9.064,8.898,10956
2013/10/8,8.938,9.164,9.211,8.871,16557
2013/10/9,9.331,9.518,9.564,9.198,35112
2013/10/10,9.498,9.571,9.651,9.444,33422
2013/10/11,9.584,9.584,9.624,9.504,25445
2013/10/14,9.584,9.704,9.744,9.498,36007
2013/10/15,9.711,9.718,9.731,9.631,22511
2013/10/16,9.731,9.584,9.731,9.498,18754
2013/10/17,9.584,9.798,9.831,9.538,24311
2013/10/18,9.798,9.798,10.031,9.711,33547
2013/10/21,9.791,9.851,9.931,9.684,47919
2013/10/22,9.851,10.271,10.291,9.818,61758
2013/10/23,10.291,10.324,10.631,10.151,57885
2013/10/24,10.331,10.131,10.364,10.038,26179
2013/10/25,10.251,10.197,10.457,10.071,24501
2013/10/28,10.197,9.884,10.264,9.264,26870
2013/10/29,9.804,9.664,9.831,9.264,26962
2013/10/30,9.664,9.791,9.831,9.498,13377
2013/10/31,9.778,9.751,9.844,9.504,14503
2013/11/1,9.584,9.784,9.831,9.584,9480
2013/11/4,9.784,9.744,9.784,9.598,9035
2013/11/5,9.671,9.818,9.838,9.671,7084
2013/11/6,9.764,9.778,9.898,9.704,8813
2013/11/7,9.751,9.684,9.798,9.584,8910
2013/11/8,9.724,9.731,9.764,9.198,14002
2013/11/11,9.664,9.384,9.664,9.304,12272
2013/11/12,10.098,9.444,10.098,9.344,14339
2013/11/13,9.351,9.364,9.464,9.138,17680
2013/11/14,9.184,9.364,9.364,9.171,10019
2013/11/15,9.224,9.524,9.591,9.224,13464
2013/11/18,9.371,9.524,9.598,9.371,12613
2013/11/19,9.778,9.524,9.778,9.398,15847
2013/11/20,9.478,9.464,9.511,9.324,16310
2013/11/21,9.404,9.338,9.404,9.271,13521
2013/11/22,9.351,9.431,9.438,9.184,15087
2013/11/25,9.331,9.431,9.431,9.304,10064
2013/11/26,9.531,9.424,9.531,9.338,7747
2013/11/27,9.384,9.551,9.651,9.378,56417
2013/11/28,9.491,9.484,9.611,9.364,26930
2013/11/29,9.478,9.438,9.518,9.378,14309
2013/12/2,9.338,8.898,9.338,8.798,23943
2013/12/3,8.898,8.924,9.024,8.705,18980
2013/12/4,8.958,9.091,9.164,8.805,27773
2013/12/5,9.058,9.064,9.164,8.931,15779
2013/12/6,8.998,9.044,9.131,8.998,8169
2013/12/9,8.991,9.044,9.124,8.991,10706
2013/12/10,9.051,9.184,9.224,8.918,16352
2013/12/11,9.098,8.991,9.104,8.944,9158
2013/12/12,9.251,9.051,9.251,8.938,11399
2013/12/13,9.064,8.951,9.218,8.898,13828
2013/12/16,8.918,8.798,8.971,8.791,10837
2013/12/17,8.864,8.798,8.864,8.711,9489
2013/12/18,8.745,8.705,8.798,8.665,8896
2013/12/19,8.718,8.665,8.798,8.585,9201
2013/12/20,8.691,8.798,8.871,8.351,21198
2013/12/23,8.765,8.598,8.811,8.571,12838
2013/12/24,8.611,8.665,8.751,8.558,9320
2013/12/25,8.658,8.605,8.678,8.585,9282
2013/12/26,8.605,8.665,8.665,8.478,9434
2013/12/27,8.598,8.665,8.691,8.531,9177
2013/12/30,8.665,8.765,8.818,8.651,13668
2013/12/31,8.765,9.251,9.438,8.698,49068
2014/1/2,9.264,9.358,9.524,9.151,32811
2014/1/3,9.358,9.331,9.464,9.178,21840
2014/1/6,9.418,9.358,9.551,9.251,33559
2014/1/7,9.358,9.718,9.731,9.278,45961
2014/1/8,9.604,9.744,9.858,9.511,28605
2014/1/9,9.744,9.478,9.744,9.458,18958
2014/1/10,9.411,9.431,9.564,9.271,15799
2014/1/13,9.438,9.198,9.518,9.051,15472
2014/1/14,9.198,9.184,9.264,9.084,18774
2014/1/15,9.138,9.344,9.531,9.138,20464
2014/1/16,9.364,9.278,9.631,9.184,14499
2014/1/17,9.264,9.138,9.264,9.131,7032
2014/1/20,9.298,9.118,9.298,9.064,5459
2014/1/21,9.164,9.118,9.251,9.098,8672
2014/1/22,9.104,9.191,9.258,9.051,19834
2014/1/23,9.158,9.131,9.284,9.111,18927
2014/1/24,9.078,9.104,9.211,9.078,18372
2014/1/27,9.104,8.798,9.104,8.731,24314
2014/1/28,8.798,8.751,8.864,8.705,11294
2014/1/29,8.751,8.864,8.864,8.718,10515
2014/1/30,8.858,8.984,9.104,8.805,8077
2014/2/7,8.984,8.991,8.998,8.845,6234
2014/2/10,8.984,9.064,9.091,8.931,19954
2014/2/11,9.091,9.038,9.098,8.958,22084
2014/2/12,9.084,8.858,9.084,8.831,39180
2014/2/13,8.831,8.731,8.858,8.685,37585
2014/2/14,8.731,8.811,8.811,8.618,40336
2014/2/17,8.811,8.791,8.864,8.665,39540
2014/2/18,8.811,8.738,8.811,8.711,27013
2014/2/19,8.884,8.951,9.018,8.738,59507
2014/2/20,8.958,9.151,9.311,8.898,100953
2014/2/21,9.171,9.258,9.311,9.044,53348
2014/2/24,9.264,9.331,9.431,9.164,58576
2014/2/25,9.451,8.864,9.451,8.718,49690
2014/2/26,8.798,8.851,8.958,8.378,34263
2014/2/27,8.845,8.611,8.851,8.611,21651
2014/2/28,8.611,8.611,8.718,8.145,55481
2014/3/3,8.531,8.718,8.805,8.345,32876
2014/3/4,8.625,8.398,8.625,8.385,40455
2014/3/5,8.438,8.451,8.565,8.358,23806
2014/3/6,8.458,8.398,8.485,8.298,21777
2014/3/7,8.405,8.331,8.411,8.298,16435
2014/3/10,8.291,8.258,8.331,8.085,18339
2014/3/11,8.245,8.345,8.438,8.111,14521
2014/3/12,8.331,8.325,8.378,8.218,6708
2014/3/13,8.385,8.398,8.518,8.271,15096
2014/3/14,8.398,8.391,8.491,8.265,9436
2014/3/17,8.398,8.465,8.498,8.318,12479
2014/3/18,8.465,8.511,8.598,8.431,19069
2014/3/19,8.538,8.351,8.538,8.298,13815
2014/3/20,8.351,8.138,8.471,8.105,21104
2014/3/21,8.151,8.178,8.198,8.025,26561
2014/3/24,8.178,8.205,8.238,8.131,17867
2014/3/25,8.205,8.158,8.251,8.111,21597
2014/3/26,8.185,8.218,8.218,8.098,20059
2014/3/27,8.211,8.131,8.211,8.118,16480
2014/3/28,8.131,8.085,8.171,7.985,27095
2014/3/31,8.045,8.098,8.105,7.925,16095
2014/4/1,8.091,8.078,8.091,8.045,8949
2014/4/2,8.078,8.078,8.151,8.038,9673
2014/4/3,8.111,8.191,8.231,8.091,22970
2014/4/4,8.171,8.218,8.231,8.091,11511
2014/4/8,8.185,8.318,8.345,8.138,18616
2014/4/9,8.311,8.411,8.438,8.278,23030
2014/4/10,8.411,8.285,8.438,8.238,25758
2014/4/11,8.298,8.458,8.565,8.258,28190
2014/4/14,8.458,8.725,8.851,8.458,52375
2014/4/15,8.718,8.758,8.858,8.631,28311
2014/4/16,8.758,8.765,8.778,8.558,16362
2014/4/17,8.765,8.665,8.778,8.598,12241
2014/4/18,8.665,8.531,8.711,8.518,11431
2014/4/21,8.465,8.285,8.465,8.271,16735
2014/4/22,8.285,8.225,8.298,8.138,13211
2014/4/23,8.231,8.311,8.331,8.178,8255
2014/4/24,8.505,8.245,8.505,8.245,9869
2014/4/25,8.331,8.171,8.331,8.151,10608
2014/4/28,8.131,7.878,8.185,7.818,15817
2014/4/29,7.825,8.045,8.058,7.825,10751
2014/4/30,8.065,8.051,8.118,7.931,11741
2014/5/5,8.031,7.991,8.031,7.785,10518
2014/5/6,7.991,7.918,8.031,7.891,16446
2014/5/7,7.898,7.731,7.918,7.698,14274
2014/5/8,7.731,7.665,7.825,7.651,11039
2014/5/9,7.665,7.878,7.931,7.565,19517
2014/5/12,7.905,8.038,8.065,7.845,26481
2014/5/13,8.038,8.005,8.078,7.931,12573
2014/5/14,8.005,7.958,8.038,7.891,9964
2014/5/15,7.905,7.785,7.958,7.785,4694
2014/5/16,7.851,7.731,7.851,7.698,4727
2014/5/19,7.711,7.731,7.785,7.625,3827
2014/5/20,7.745,7.771,7.865,7.512,13621
2014/5/21,7.725,7.751,7.858,7.698,5239
2014/5/22,7.778,7.698,7.778,7.651,4419
2014/5/23,7.678,7.691,7.725,7.645,4990
2014/5/26,7.685,7.671,7.831,7.365,17078
2014/9/5,8.438,8.438,8.438,8.438,4262
2014/9/9,9.284,9.284,9.284,9.284,2386
2014/9/10,10.211,10.211,10.211,10.211,10372
2014/9/11,11.231,11.231,11.231,11.231,69043
2014/9/12,11.697,12.277,12.357,10.964,384482
2014/9/15,11.784,11.717,12.064,11.684,210734
2014/9/16,11.724,11.85,12.097,11.457,156067
2014/9/17,11.564,11.391,11.704,11.197,89679
2014/9/18,11.331,11.397,11.624,10.997,70808
2014/9/19,11.371,11.83,12.05,11.344,130977
2014/9/22,11.73,11.664,12.064,11.61,78901
2014/9/23,11.724,11.93,12.064,11.424,117077
2014/9/24,11.844,11.99,12.13,11.757,91089
2014/9/25,11.937,11.884,12.084,11.65,93423
2014/9/26,11.85,11.737,11.864,11.464,69208
2014/9/29,11.697,11.657,11.884,11.61,44129
2014/9/30,11.331,11.091,11.331,10.804,109391
2014/10/8,11.464,11.531,11.784,11.264,73994
2014/10/9,11.597,11.557,11.664,11.424,32069
2014/10/10,11.431,11.617,11.737,11.397,38090
2014/10/13,11.597,11.524,11.61,11.264,25151
2014/10/14,11.517,11.431,11.57,11.364,20620
2014/10/15,11.337,11.231,11.337,11.104,34474
2014/10/16,11.317,11.004,11.317,11.004,21531
2014/10/17,11.037,10.717,11.184,10.717,26250
2014/10/20,10.757,10.884,10.904,10.704,17962
2014/10/21,10.831,11.057,11.097,10.777,20602
2014/10/22,11.037,10.597,11.037,10.584,20640
2014/10/23,10.744,10.597,10.744,10.531,15854
2014/10/24,10.631,11.104,11.164,10.631,30696
2014/10/27,11.237,10.971,11.264,10.904,19416
2014/10/28,10.984,11.151,11.217,10.931,18207
2014/10/29,11.197,11.504,11.55,11.077,37165
2014/10/30,11.531,11.251,11.59,11.231,25178
2014/10/31,11.231,11.364,11.464,11.177,37026
2014/11/3,11.337,11.264,11.457,11.217,32334
2014/11/4,11.331,11.137,11.337,10.997,23364
2014/11/5,11.064,11.511,11.57,10.997,36089
2014/11/6,11.484,11.65,11.81,11.464,57306
2014/11/7,11.584,11.284,11.717,11.271,32371
2014/11/10,11.297,11.344,11.73,11.264,30972
2014/11/11,11.297,10.964,11.337,10.671,30972
2014/11/12,10.964,10.937,10.964,10.704,15167
2014/11/13,10.944,11.064,11.164,10.677,24364
2014/11/14,11.024,10.864,11.064,10.737,13037
2014/11/17,10.864,10.904,10.917,10.617,27907
2014/11/18,10.871,10.844,11.057,10.731,15341
2014/11/19,10.864,10.904,11.011,10.864,13213
2014/11/20,10.864,10.844,10.911,10.751,11136
2014/11/21,10.844,10.897,10.997,10.804,17271
2014/11/24,11.044,10.784,11.044,10.664,36089
2014/11/25,10.784,10.824,10.897,10.717,24494
2014/11/26,10.824,10.751,10.844,10.724,23445
2014/11/27,10.757,10.631,10.791,10.564,41822
2014/11/28,10.637,10.877,10.904,10.584,52932
2014/12/1,10.864,10.717,10.944,10.597,33633
2014/12/2,10.691,10.691,10.817,10.611,23087
2014/12/3,10.717,10.511,10.757,10.371,44901
2014/12/4,10.524,10.517,10.631,10.451,48167
2014/12/5,10.517,10.064,10.537,9.931,56721
2014/12/8,10.098,9.958,10.271,9.938,42194
2014/12/9,9.931,9.404,9.931,9.351,59785
2014/12/10,9.464,9.658,9.658,9.264,36134
2014/12/11,9.578,9.731,9.751,9.531,41063
2014/12/12,9.731,10.164,10.164,9.724,43439
2014/12/15,10.251,10.224,10.264,9.991,40781
2014/12/16,10.217,10.131,10.217,10.004,22378
2014/12/17,10.124,9.818,10.124,9.764,28492
2014/12/18,9.818,9.784,9.911,9.604,22050
2014/12/19,9.764,9.531,9.764,9.398,23955
2014/12/22,9.398,8.785,9.631,8.651,40386
2014/12/23,8.765,8.651,8.924,8.585,20186
2014/12/24,8.924,8.991,9.024,8.745,20222
2014/12/25,9.018,9.011,9.198,8.891,17619
2014/12/26,9.071,9.064,9.164,9.018,15863
2014/12/29,9.118,9.071,9.151,8.964,15408
2014/12/30,9.091,8.924,9.118,8.798,16423
2014/12/31,8.924,9.731,9.818,8.785,55362
2015/1/5,9.671,9.678,9.864,9.498,28415
2015/1/6,9.631,9.511,9.631,9.324,25888
2015/1/7,9.558,9.724,9.858,9.518,23742
2015/1/8,9.718,9.718,9.784,9.624,17418
2015/1/9,9.698,9.664,9.771,9.611,14459
2015/1/12,9.598,9.584,9.631,9.451,12569
2015/1/13,9.591,9.964,10.038,9.524,33159
2015/1/14,9.964,9.778,9.991,9.738,17797
2015/1/15,9.778,9.724,9.824,9.638,12700
2015/1/16,9.658,9.671,9.798,9.558,20632
2015/1/19,9.651,9.338,9.771,9.304,19784
2015/1/20,9.404,9.644,9.678,9.404,13058
2015/1/21,9.658,9.784,9.911,9.544,23774
2015/1/22,9.711,10.131,10.204,9.711,61559
2015/1/23,10.124,9.898,10.544,9.884,104078
2015/1/26,9.771,9.731,9.771,9.498,56832
2015/1/27,9.678,9.798,9.831,9.638,40874
2015/1/28,9.731,9.778,9.911,9.698,30777
2015/1/29,9.764,9.751,10.064,9.671,32506
2015/1/30,9.751,9.638,9.898,9.558,22719
2015/2/2,9.658,9.664,9.731,9.551,19569
2015/2/3,9.664,9.451,9.664,9.371,39132
2015/2/4,9.458,9.351,9.491,9.318,34659
2015/2/5,9.344,9.231,9.431,9.111,47323
2015/2/6,8.338,8.311,8.631,8.311,105820
2015/2/9,8.118,8.345,8.551,7.865,93348
2015/2/10,8.125,8.065,8.245,7.998,56355
2015/2/11,8.011,8.178,8.185,7.905,59749
2015/2/12,8.131,8.138,8.211,8.065,59521
2015/2/13,8.185,8.338,8.471,8.178,74814
2015/2/16,8.431,8.558,8.585,8.331,59912
2015/2/17,8.665,8.558,8.778,8.511,59942
2015/2/25,8.658,8.411,8.658,8.371,55869
2015/2/26,8.398,8.538,8.565,8.351,52798
2015/2/27,8.565,8.785,8.838,8.505,69665
2015/3/2,8.765,8.871,8.884,8.645,70179
2015/3/3,8.831,8.771,8.958,8.731,62070
2015/3/4,8.911,8.878,8.971,8.765,53376
2015/3/5,8.904,8.878,8.958,8.798,50596
2015/3/6,8.904,9.558,9.731,8.898,200006
2015/3/9,9.571,10.384,10.391,9.571,228881
2015/3/10,10.391,10.344,10.804,10.098,152658
2015/3/11,10.364,10.931,11.097,10.344,161062
2015/3/12,10.931,10.631,11.104,10.471,104437
2015/3/13,10.617,10.264,10.664,10.118,101558
2015/3/16,10.331,10.677,10.911,10.331,98630
2015/3/17,10.697,11.024,11.411,10.697,133055
2015/3/18,10.997,11.131,11.311,10.804,88252
2015/3/19,11.131,11.004,11.137,10.851,53566
2015/3/20,10.997,11.091,11.297,10.857,83212
2015/3/23,11.091,11.171,11.264,10.937,97289
2015/3/24,11.177,10.931,11.204,10.464,98111
2015/3/25,10.917,11.511,11.697,10.831,136712
2015/3/26,11.491,12.23,12.337,11.337,163461
2015/3/27,11.997,12.31,12.397,11.964,106788
2015/3/30,12.25,12.47,13.33,11.897,124731
2015/3/31,12.477,12.764,13.017,12.33,81404
2015/4/1,12.63,13.19,13.317,12.63,69655
2015/4/2,13.197,13.263,13.33,12.784,79098
2015/4/3,13.223,13.983,14.003,12.997,128497
2015/4/7,13.95,13.71,13.997,13.33,146227
2015/4/8,13.61,14.53,14.756,13.377,110556
2015/4/9,14.463,14.583,15.31,13.863,81290
2015/4/10,14.49,14.543,14.996,14.163,68935
2015/4/13,14.49,14.263,14.81,14.183,100710
2015/4/14,14.29,13.837,14.323,13.717,58524
2015/4/15,13.797,14.017,15.03,13.25,92340
2015/4/16,13.55,14.09,14.596,13.383,57049
2015/4/17,14.09,14.117,14.49,13.897,60695
2015/4/20,14.07,13.617,14.07,13.363,66754
2015/4/21,13.257,13.743,13.883,13.257,56331
2015/4/22,13.617,14.276,14.41,13.617,71042
2015/4/23,14.276,14.896,14.93,14.276,109304
2015/4/24,14.896,15.929,16.049,14.716,120473
2015/4/27,16.056,16.276,16.876,15.569,118012
2015/4/28,16.356,15.929,16.583,15.749,74481
2015/4/29,15.863,15.996,16.383,15.823,71193
2015/4/30,16.323,17.596,17.596,16.016,163499
2015/5/4,18.082,17.329,18.122,17.316,82422
2015/5/5,17.862,17.956,18.349,17.029,68607
2015/5/6,17.842,17.116,17.842,16.996,81006
2015/5/7,17.096,15.783,17.096,15.483,70037
2015/5/8,15.783,16.289,16.389,15.31,57427
2015/5/11,15.483,16.336,16.343,15.17,133935
2015/5/12,16.003,16.143,16.256,15.809,86078
2015/5/13,16.169,16.796,17.309,16.169,120097
2015/5/14,16.683,16.882,17.716,16.669,120345
2015/5/15,16.882,18.196,18.409,16.543,170886
2015/5/18,18.169,18.895,19.402,17.716,153163
2015/5/19,18.662,19.302,19.402,18.029,90757
2015/5/20,19.275,19.442,20.862,19.055,141724
2015/11/23,17.496,17.496,17.496,17.496,2277
2015/11/24,15.749,15.749,15.749,15.749,5320
2015/11/25,15.549,16.123,17.129,14.716,626835
2015/11/26,15.336,15.056,15.656,15.003,340870
2015/11/27,14.663,14.197,14.896,13.637,222427
2015/11/30,14.07,14.556,14.81,13.83,172408
2015/12/1,14.336,13.943,14.763,13.803,142662
2015/12/2,13.75,13.03,13.863,12.717,129076
2015/12/3,13.21,13.63,13.737,13.063,91860
2015/12/4,13.597,13.997,14.53,13.497,154914
2015/12/7,14.063,15.396,15.396,14.003,219001
2015/12/8,14.996,14.583,15.196,14.336,170658
2015/12/9,14.33,14.163,14.916,14.137,118451
2015/12/10,14.13,13.803,14.15,13.537,81308
2015/12/11,13.95,14.436,14.496,13.697,85245
2015/12/14,14.276,14.49,14.503,14.15,66062
2015/12/15,14.656,14.623,14.783,14.47,56979
2015/12/16,14.596,14.183,14.603,14.043,89211
2015/12/17,14.336,14.463,14.596,14.236,78384
2015/12/18,14.363,14.823,15.05,14.343,108561
2015/12/21,14.823,14.936,15.243,14.676,90272
2015/12/22,15.07,14.963,15.223,14.696,72129
2015/12/23,14.896,15.856,16.436,14.83,164516
2016/7/15,14.27,14.27,14.27,14.27,10372
2016/7/18,12.844,12.844,12.844,12.844,10071
2016/7/19,11.977,11.957,12.517,11.744,323546
2016/7/20,11.73,11.964,12.23,11.67,182448
2016/7/21,12.03,11.73,12.03,11.71,120493
2016/7/22,11.697,11.371,11.797,11.337,111857
2016/7/25,11.411,11.644,11.69,11.344,91485
2016/7/26,11.65,11.69,11.69,11.437,64250
2016/7/27,11.697,10.837,11.71,10.544,105358
2016/7/28,10.791,10.631,10.944,10.331,80957
2016/7/29,10.744,11.697,11.697,10.744,192472
2016/8/1,11.797,12.717,12.87,11.77,341476
2016/8/2,12.604,12.457,12.61,12.07,216155
2016/8/3,12.33,12.764,12.95,12.13,219036
2016/8/4,12.564,12.51,12.897,12.31,155764
2016/8/5,12.37,12.004,12.37,11.997,119718
2016/8/8,11.984,12.124,12.257,11.55,126396
2016/8/9,12.064,12.004,12.13,11.87,87564
2016/8/10,11.997,12.41,12.65,11.937,142312
2016/8/11,12.264,12.004,12.317,11.93,90034
2016/8/12,12.05,12.11,12.31,12.004,70108
2016/8/15,12.177,12.25,12.31,11.877,93842
2016/8/16,12.257,12.764,12.857,12.257,160307
2016/8/17,12.764,12.53,12.797,12.437,98178
2016/8/18,12.484,13.43,13.757,12.43,195296
2016/8/19,13.223,13.603,13.93,13.163,161508
2016/8/22,13.443,14.263,14.736,13.197,158773
2016/8/23,14.263,14.736,15.296,13.93,190130
2016/8/24,14.583,14.583,14.956,14.383,116304
2016/8/25,14.463,14.743,14.916,14.13,120006
2016/8/26,14.63,14.41,14.783,14.336,80916
2016/8/29,14.33,14.123,14.616,14.083,66273
2016/8/30,13.93,14.143,14.316,13.863,69778
2016/8/31,14.083,14.93,14.93,14.017,108871
2016/9/1,14.996,14.57,15.396,14.57,112748
2016/9/2,14.736,14.716,14.963,14.197,79944
2016/9/5,14.743,14.51,15.056,14.403,63493
2016/9/6,14.53,14.896,15.023,14.436,106651
2016/9/7,14.763,14.71,14.876,14.63,61069
2016/9/8,14.663,14.503,14.85,14.33,53240
2016/9/9,14.49,14.543,14.596,14.13,58548
2016/9/12,14.383,14.416,14.903,14.21,77275
2016/9/13,14.343,14.27,14.65,14.163,36992
2016/9/14,14.27,13.93,14.47,13.93,42920
2016/9/19,14.117,14.163,14.316,13.997,36591
2016/9/20,14.203,15.583,15.583,14.203,177612
2016/9/21,15.609,15.716,15.896,15.136,171836
2016/9/22,15.863,15.47,16.109,15.463,141736
2016/9/23,15.663,15.749,15.869,15.336,92730
2016/9/26,15.756,16.663,16.962,15.603,224038
2016/9/27,16.416,16.109,16.656,15.736,120830
2016/9/28,15.869,16.176,16.303,15.569,74147
2016/9/29,16.456,15.909,16.962,15.736,117759
2016/9/30,15.649,16.209,16.276,15.47,76268
2016/10/10,16.329,17.456,17.649,16.329,140467
2016/10/11,17.289,17.242,17.589,16.862,118038
2016/10/12,17.209,17.496,17.662,16.989,123676
2016/10/13,17.496,17.289,17.729,17.129,73825
2016/10/14,17.062,17.369,17.449,16.849,65970
2016/10/17,17.316,17.349,17.596,17.156,72380
2016/10/18,17.356,17.402,17.582,17.202,53896
2016/10/19,17.449,17.302,17.556,17.082,49388
2016/10/20,17.329,17.369,17.442,17.042,74849
2016/10/21,17.369,17.142,17.436,17.142,35874
2016/10/24,17.242,17.376,17.662,17.229,47187
2016/10/25,17.362,17.189,17.382,16.996,40913
2016/10/26,17.262,17.256,17.329,17.009,24033
2016/10/27,17.322,17.362,17.582,17.209,39395
2016/10/28,17.229,17.409,17.496,17.209,33171
2016/10/31,17.496,17.209,17.542,17.196,28813
2016/11/1,17.089,17.309,17.449,17.089,28547
2016/11/2,17.262,17.289,17.396,17.142,26636
2016/11/3,17.316,17.889,18.995,17.269,92270
2016/11/4,18.169,18.056,18.449,17.709,65175
2016/11/7,18.049,18.595,18.649,17.916,67011
2016/11/8,18.822,18.749,19.095,18.675,68202
2016/11/9,18.702,18.189,18.829,17.982,67356
2016/11/10,18.229,18.116,18.522,17.996,43752
2016/11/11,18.076,17.716,18.109,17.622,56179
2016/11/14,17.916,17.629,17.969,17.562,33925
2016/11/15,17.662,17.596,17.762,17.382,31556
2016/11/16,17.616,18.069,18.096,17.502,43932
2016/11/17,17.996,17.669,18.062,17.596,33857
2016/11/18,17.709,17.749,18.082,17.596,27447
2016/11/21,17.729,17.589,17.869,17.342,27498
2016/11/22,17.696,17.582,17.762,17.496,22416
2016/11/23,17.596,17.769,18.262,17.536,41909
2016/11/24,17.749,17.516,17.769,17.342,28615
2016/11/25,17.349,17.149,17.602,16.676,27063
2016/11/28,17.249,17.049,17.496,16.996,26207
2016/11/29,17.062,16.763,17.322,16.763,23934
2016/11/30,16.323,16.989,17.102,16.216,35587
2016/12/1,17.109,16.889,17.262,16.716,19444
2016/12/2,16.889,16.763,16.962,16.603,14290
2016/12/5,16.756,16.716,16.869,16.329,14913
2016/12/6,16.716,17.229,17.296,16.663,20876
2016/12/7,17.342,17.629,17.842,17.082,54614
2016/12/8,17.616,17.516,17.616,17.136,23816
2016/12/9,17.482,17.256,17.482,17.256,15854
2016/12/12,17.342,16.563,17.602,16.529,26881
2016/12/13,16.463,16.316,16.743,16.016,23934
2016/12/14,16.316,16.189,16.483,16.189,15399
2016/12/15,16.316,16.449,16.869,16.189,14369
2016/12/16,16.496,16.656,16.896,16.483,15942
2016/12/19,16.696,16.869,17.116,16.696,19846
2016/12/20,17.096,17.169,17.556,16.996,28772
2016/12/21,17.096,16.976,17.249,16.809,19525
2016/12/22,16.949,16.769,17.102,16.683,17322
2016/12/23,16.996,16.456,16.996,16.456,18517
2016/12/26,16.456,16.843,16.996,16.276,25391
2016/12/27,17.036,16.962,17.062,16.862,19931
2016/12/28,17.176,16.989,17.176,16.862,14426
2016/12/29,16.783,16.962,17.089,16.783,9952
2016/12/30,16.962,17.082,17.129,16.876,13976
2017/1/3,17.396,17.396,17.529,17.169,17278
2017/1/4,17.389,17.642,17.742,17.329,25821
2017/1/5,17.849,17.489,17.856,17.402,15946
2017/1/6,17.489,16.962,17.529,16.936,16663
2017/1/9,16.769,16.723,16.962,16.643,15141
2017/1/10,16.723,16.523,16.789,16.449,21516
2017/1/11,16.496,16.563,16.876,16.396,23479
2017/1/12,16.463,16.403,16.663,16.396,12201
2017/1/13,16.429,15.869,16.429,14.816,30746
2017/7/17,14.28,14.28,14.28,14.28,35691
2017/7/18,12.85,14.6,15.45,12.85,137785
2017/7/19,14.4,14.51,14.77,14.05,61568
2017/7/20,14.34,14.59,14.72,14.34,32301
2017/7/21,14.34,16.05,16.05,14.34,136019
2017/7/24,16.43,16.6,17.27,16.31,124240
2017/7/25,16.67,16.62,16.95,16.31,63792
2017/7/26,16.49,16.97,17.33,16.49,100040
2017/7/27,16.8,16.69,17.41,16.69,71277
2017/7/28,16.51,16.19,16.8,16.07,58216
2017/7/31,16.58,16.77,17.17,16.49,54586
2017/8/1,16.77,17.37,17.53,16.77,100044
2017/8/2,17.42,16.93,17.6,16.9,53135
2017/8/3,16.93,17.16,17.35,16.75,40550
2017/8/4,17,17.15,17.18,16.88,27038
2017/8/7,17,16.88,17.2,16.84,15525
2017/8/8,16.87,17.18,17.21,16.7,27273
2017/8/9,17.24,16.91,17.29,16.83,19149
2017/8/10,16.78,16.62,17,16.5,26921
2017/8/11,16.5,16.7,16.96,16.5,19487
2017/8/14,16.69,16.7,16.99,16.59,17164
2017/8/15,16.69,16.65,16.88,16.59,10618
2017/8/16,16.65,16.14,16.78,15.88,26464
2017/8/17,16.54,16.05,16.54,15.8,24821
2017/8/18,16.01,15.82,16.01,15.6,19432
2017/8/21,15.8,15.87,16.08,15.8,17737
2017/8/22,15.87,16,16.2,15.8,18947
2017/8/23,16,15.99,16.18,15.81,12074
2017/8/24,15.82,16.12,17,15.81,26612
2017/8/25,16.12,15.94,16.3,15.77,18377
2017/8/28,16,15.58,16,15.47,40968
2017/8/29,15.57,15.72,15.91,15.01,32900
2017/8/30,15.72,15.95,16.1,15.53,27208
2017/8/31,15.75,15.72,15.89,15.62,20795
2017/9/1,15.62,15.5,15.84,15.44,22262
2017/9/4,15.65,15.65,15.8,15.41,19164
2017/9/5,15.69,15.63,15.78,15.46,16405
2017/9/6,15.7,15.55,15.7,15.43,11722
2017/9/7,15.48,15.22,15.55,15.2,26471
2017/9/8,15.17,15.48,15.53,14.97,27679
2017/9/11,15.44,15.3,15.47,15.2,15589
2017/9/12,15.3,15.66,15.7,15.2,34324
2017/9/13,15.55,15.59,15.62,15.44,14134
2017/9/14,15.59,15.57,15.59,15.39,16734
2017/9/15,15.45,15.42,15.55,15.35,13111
2017/9/18,15.43,15.58,15.69,15.32,12772
2017/9/19,15.6,15.82,16.19,15.44,25538
2017/9/20,15.8,15.72,15.89,15.66,15105
2017/9/21,15.66,15.49,15.76,15.45,12805
2017/9/22,15.62,15.51,15.79,15.43,16834
2017/9/25,15.51,15.3,15.52,15.2,15151
2017/9/26,15.2,16.26,16.53,15.2,49781
2017/9/27,16.6,16.62,16.65,16.2,43615
2017/9/28,16.62,16.6,17.25,16.46,48409
2017/9/29,16.6,16.66,17.1,16.33,23525
2018/3/9,14.99,15.36,16.5,14.99,119701
2018/3/12,15,14.9,15.3,14.44,77439
2018/3/13,14.91,14.73,15.47,14.65,79099
2018/3/14,14.44,13.9,14.44,13.5,86336
2018/3/15,13.8,13.62,13.86,13.41,54685
2018/3/16,13.67,14.35,14.88,13.5,83452
2018/3/19,14.97,14.57,15.16,14.21,81231
2018/3/20,13.95,14.01,14.25,13.71,45453
2018/3/21,14.04,14.04,14.2,13.8,40203
2018/3/22,14.5,14.38,14.77,14.37,59317
2018/3/23,13.6,13.6,13.97,13.36,52546
2018/3/26,13.5,13.52,13.7,12.5,44377
2018/3/27,13.47,14.33,14.6,13.47,47693
2018/3/28,14.01,14.22,14.61,13.91,26629
2018/3/29,14.01,14.37,14.73,14.01,29354
2018/3/30,14.37,14.33,14.65,14.27,17106
2018/4/2,14.2,14.21,14.42,14.19,19259
2018/4/3,14.14,14.58,14.9,13,47863
2018/4/4,14.56,14.26,14.69,14.2,20217
2018/4/9,14.25,13.95,14.26,13.88,24091
2018/4/10,14.14,14.14,14.18,13.6,21666
2018/4/11,14.05,14.13,14.18,13.99,16435
2018/4/12,14.12,14.04,14.12,13.9,17737
2018/4/13,14.02,13.98,14.22,13.98,14190
2018/4/16,13.98,13.99,14.08,13.76,12417
2018/4/17,13.91,13.89,14.38,13.69,32937
2018/4/18,13.78,13.78,14.18,13.56,12182
2018/4/19,13.53,13.61,13.88,13.53,15593
2018/4/20,13.69,13.6,13.79,13.5,11142
2018/4/23,13.6,13.62,13.69,12.5,33610
2018/4/24,13.48,13.71,14.17,13.02,24570
2018/4/25,13.53,13.61,13.75,13.42,16055
2018/4/26,13.6,13.57,13.68,13.43,11757
2018/4/27,13.69,13.59,13.69,13.43,11085
2018/5/2,14.17,13.79,14.17,13.59,14832
2018/5/3,13.61,13.68,13.79,13.61,9427
2018/5/4,13.8,13.68,13.88,13.51,5924
2018/5/7,13.8,13.64,13.85,13.61,9133
2018/5/8,13.72,13.85,14.02,13.54,17997
2018/5/9,13.74,13.71,14.15,13.67,8704
2018/5/10,13.72,13.6,13.72,13.5,13817
2018/5/11,13.64,13.49,13.68,13.4,10663
2018/5/14,13.58,13.47,13.58,13.41,9656
2018/5/15,13.33,13.4,13.55,13.33,9258
2018/5/16,13.4,13.3,13.4,12.94,34294
2018/5/17,13.3,13.25,13.3,12.92,19566
2018/5/18,13.2,13.3,13.39,13.08,11372
2018/5/21,13.23,13.27,13.45,13.16,9771
2018/5/22,13.22,13.31,13.32,13.22,7570
2018/5/23,13.23,13.3,13.39,13.11,8478
